UserId,artistIds
c2aa8e8a646e80660cc975f55a2d1d09,742789
c2aa8e8a646e80660cc975f55a2d1d09,1546334
c2aa8e8a646e80660cc975f55a2d1d09,742789
c2aa8e8a646e80660cc975f55a2d1d09,1546334
c2aa8e8a646e80660cc975f55a2d1d09,742789
c2aa8e8a646e80660cc975f55a2d1d09,1546334
c2aa8e8a646e80660cc975f55a2d1d09,742789
c2aa8e8a646e80660cc975f55a2d1d09,1546334
c2aa8e8a646e80660cc975f55a2d1d09,742789
c2aa8e8a646e80660cc975f55a2d1d09,1546334
c2aa8e8a646e80660cc975f55a2d1d09,742789
c2aa8e8a646e80660cc975f55a2d1d09,1546334
c2aa8e8a646e80660cc975f55a2d1d09,742789
c2aa8e8a646e80660cc975f55a2d1d09,1546334
c2aa8e8a646e80660cc975f55a2d1d09,742789
c2aa8e8a646e80660cc975f55a2d1d09,1546334
c2aa8e8a646e80660cc975f55a2d1d09,742789
c2aa8e8a646e80660cc975f55a2d1d09,1546334
c2aa8e8a646e80660cc975f55a2d1d09,742789
c2aa8e8a646e80660cc975f55a2d1d09,1546334
c2aa8e8a646e80660cc975f55a2d1d09,742789
c2aa8e8a646e80660cc975f55a2d1d09,1546334
c2aa8e8a646e80660cc975f55a2d1d09,742789
c2aa8e8a646e80660cc975f55a2d1d09,1546334
c2aa8e8a646e80660cc975f55a2d1d09,742789
c2aa8e8a646e80660cc975f55a2d1d09,1546334
c2aa8e8a646e80660cc975f55a2d1d09,742789
c2aa8e8a646e80660cc975f55a2d1d09,1546334
c2aa8e8a646e80660cc975f55a2d1d09,742789
c2aa8e8a646e80660cc975f55a2d1d09,1546334
c2aa8e8a646e80660cc975f55a2d1d09,742789
c2aa8e8a646e80660cc975f55a2d1d09,1546334
c2aa8e8a646e80660cc975f55a2d1d09,742789
c2aa8e8a646e80660cc975f55a2d1d09,1546334
c2aa8e8a646e80660cc975f55a2d1d09,742789
c2aa8e8a646e80660cc975f55a2d1d09,1546334
c2aa8e8a646e80660cc975f55a2d1d09,742789
c2aa8e8a646e80660cc975f55a2d1d09,1546334
c2aa8e8a646e80660cc975f55a2d1d09,742789
c2aa8e8a646e80660cc975f55a2d1d09,1546334
c2aa8e8a646e80660cc975f55a2d1d09,742789
c2aa8e8a646e80660cc975f55a2d1d09,1546334
c2aa8e8a646e80660cc975f55a2d1d09,742789
c2aa8e8a646e80660cc975f55a2d1d09,1546334
c2aa8e8a646e80660cc975f55a2d1d09,742789
c2aa8e8a646e80660cc975f55a2d1d09,1546334
c2aa8e8a646e80660cc975f55a2d1d09,742789
c2aa8e8a646e80660cc975f55a2d1d09,1546334
c2aa8e8a646e80660cc975f55a2d1d09,742789
c2aa8e8a646e80660cc975f55a2d1d09,1546334
c2aa8e8a646e80660cc975f55a2d1d09,742789
c2aa8e8a646e80660cc975f55a2d1d09,1546334
c2aa8e8a646e80660cc975f55a2d1d09,742789
c2aa8e8a646e80660cc975f55a2d1d09,1546334
c2aa8e8a646e80660cc975f55a2d1d09,742789
c2aa8e8a646e80660cc975f55a2d1d09,1546334
c2aa8e8a646e80660cc975f55a2d1d09,742789
c2aa8e8a646e80660cc975f55a2d1d09,1546334
2763238f412fc892e09141ec31b7be00,615629
2763238f412fc892e09141ec31b7be00,615629
2763238f412fc892e09141ec31b7be00,615629
2763238f412fc892e09141ec31b7be00,615629
2763238f412fc892e09141ec31b7be00,615629
2763238f412fc892e09141ec31b7be00,615629
2763238f412fc892e09141ec31b7be00,615629
2763238f412fc892e09141ec31b7be00,615629
2763238f412fc892e09141ec31b7be00,615629
2763238f412fc892e09141ec31b7be00,615629
2763238f412fc892e09141ec31b7be00,615629
2763238f412fc892e09141ec31b7be00,615629
2763238f412fc892e09141ec31b7be00,615629
2763238f412fc892e09141ec31b7be00,615629
2763238f412fc892e09141ec31b7be00,615629
2763238f412fc892e09141ec31b7be00,615629
1398a786c494292e91d364c8a08f5881,462340
e317a3c798d180744c408e9644366c06,462340
963b7eeeabf255ba8287635554bd3bec,464932
963b7eeeabf255ba8287635554bd3bec,500223
963b7eeeabf255ba8287635554bd3bec,2880232
82afa2e00264d83ac94f4a00a82ac1e9,1586081
82afa2e00264d83ac94f4a00a82ac1e9,2135738
82afa2e00264d83ac94f4a00a82ac1e9,712775
82afa2e00264d83ac94f4a00a82ac1e9,1586081
82afa2e00264d83ac94f4a00a82ac1e9,2135738
82afa2e00264d83ac94f4a00a82ac1e9,712775
cff57ee4b2883017b948cefd3c2375da,2080796
cff57ee4b2883017b948cefd3c2375da,888127
50109c8ba55e8ccd2bd6b29a8c6e2df2,456038
50109c8ba55e8ccd2bd6b29a8c6e2df2,456038
50109c8ba55e8ccd2bd6b29a8c6e2df2,456038
50109c8ba55e8ccd2bd6b29a8c6e2df2,456038
50109c8ba55e8ccd2bd6b29a8c6e2df2,456038
50109c8ba55e8ccd2bd6b29a8c6e2df2,456038
50109c8ba55e8ccd2bd6b29a8c6e2df2,456038
6bb63583a06d6da7a0fdceb23a69891f,456038
6bb63583a06d6da7a0fdceb23a69891f,456038
6bb63583a06d6da7a0fdceb23a69891f,456038
6bb63583a06d6da7a0fdceb23a69891f,456038
6bb63583a06d6da7a0fdceb23a69891f,456038
6bb63583a06d6da7a0fdceb23a69891f,456038
6bb63583a06d6da7a0fdceb23a69891f,456038
6bb63583a06d6da7a0fdceb23a69891f,456038
6bb63583a06d6da7a0fdceb23a69891f,456038
b3b8175c80e4205a51821d2a8b213aa9,455162
b3b8175c80e4205a51821d2a8b213aa9,455158
82afa2e00264d83ac94f4a00a82ac1e9,2173013
82afa2e00264d83ac94f4a00a82ac1e9,2173013
82afa2e00264d83ac94f4a00a82ac1e9,2173013
82afa2e00264d83ac94f4a00a82ac1e9,2173013
82afa2e00264d83ac94f4a00a82ac1e9,2173013
82afa2e00264d83ac94f4a00a82ac1e9,2173013
82afa2e00264d83ac94f4a00a82ac1e9,2173013
82afa2e00264d83ac94f4a00a82ac1e9,2173013
7414488c23202e8f7b30465bea663e53,2173013
7414488c23202e8f7b30465bea663e53,2173013
7414488c23202e8f7b30465bea663e53,2173013
7414488c23202e8f7b30465bea663e53,2173013
7414488c23202e8f7b30465bea663e53,2173013
7414488c23202e8f7b30465bea663e53,2173013
7414488c23202e8f7b30465bea663e53,2173013
443959729f2f5887d7b995ad25bdd119,2173013
443959729f2f5887d7b995ad25bdd119,2173013
443959729f2f5887d7b995ad25bdd119,2173013
443959729f2f5887d7b995ad25bdd119,2173013
443959729f2f5887d7b995ad25bdd119,2173013
443959729f2f5887d7b995ad25bdd119,2173013
443959729f2f5887d7b995ad25bdd119,2173013
443959729f2f5887d7b995ad25bdd119,2173013
c9fcb3699e5e9dd2aa4e29af7bb42069,2173013
c9fcb3699e5e9dd2aa4e29af7bb42069,2173013
c9fcb3699e5e9dd2aa4e29af7bb42069,2173013
c9fcb3699e5e9dd2aa4e29af7bb42069,2173013
c9fcb3699e5e9dd2aa4e29af7bb42069,2173013
c9fcb3699e5e9dd2aa4e29af7bb42069,2173013
e317a3c798d180744c408e9644366c06,459383
b63b1f3d858af3040bdb2208e7e2d289,475346
358c2c08d9be37117d661d2be8d1c8b2,461985
358c2c08d9be37117d661d2be8d1c8b2,467309
358c2c08d9be37117d661d2be8d1c8b2,461985
358c2c08d9be37117d661d2be8d1c8b2,467309
9b6a04f4f98ab8e88c1b569beaafb53c,689580
9b6a04f4f98ab8e88c1b569beaafb53c,689580
9b6a04f4f98ab8e88c1b569beaafb53c,689580
9b6a04f4f98ab8e88c1b569beaafb53c,689580
9b6a04f4f98ab8e88c1b569beaafb53c,689580
9b6a04f4f98ab8e88c1b569beaafb53c,689580
9b6a04f4f98ab8e88c1b569beaafb53c,689580
9b6a04f4f98ab8e88c1b569beaafb53c,689580
9b6a04f4f98ab8e88c1b569beaafb53c,689580
e317a3c798d180744c408e9644366c06,1408195
50109c8ba55e8ccd2bd6b29a8c6e2df2,862482
50109c8ba55e8ccd2bd6b29a8c6e2df2,456323
50109c8ba55e8ccd2bd6b29a8c6e2df2,862482
50109c8ba55e8ccd2bd6b29a8c6e2df2,456323
1398a786c494292e91d364c8a08f5881,455137
1398a786c494292e91d364c8a08f5881,459633
0eb85ea0d6f6b527a197217674138c61,2861360
50109c8ba55e8ccd2bd6b29a8c6e2df2,455120
50109c8ba55e8ccd2bd6b29a8c6e2df2,455636
50109c8ba55e8ccd2bd6b29a8c6e2df2,455466
50109c8ba55e8ccd2bd6b29a8c6e2df2,456269
50109c8ba55e8ccd2bd6b29a8c6e2df2,455127
50109c8ba55e8ccd2bd6b29a8c6e2df2,455120
50109c8ba55e8ccd2bd6b29a8c6e2df2,455636
50109c8ba55e8ccd2bd6b29a8c6e2df2,455466
50109c8ba55e8ccd2bd6b29a8c6e2df2,456269
50109c8ba55e8ccd2bd6b29a8c6e2df2,455127
50109c8ba55e8ccd2bd6b29a8c6e2df2,455120
50109c8ba55e8ccd2bd6b29a8c6e2df2,455636
50109c8ba55e8ccd2bd6b29a8c6e2df2,455466
50109c8ba55e8ccd2bd6b29a8c6e2df2,456269
50109c8ba55e8ccd2bd6b29a8c6e2df2,455127
50109c8ba55e8ccd2bd6b29a8c6e2df2,455120
50109c8ba55e8ccd2bd6b29a8c6e2df2,455636
50109c8ba55e8ccd2bd6b29a8c6e2df2,455466
50109c8ba55e8ccd2bd6b29a8c6e2df2,456269
50109c8ba55e8ccd2bd6b29a8c6e2df2,455127
50109c8ba55e8ccd2bd6b29a8c6e2df2,455120
50109c8ba55e8ccd2bd6b29a8c6e2df2,455636
50109c8ba55e8ccd2bd6b29a8c6e2df2,455466
50109c8ba55e8ccd2bd6b29a8c6e2df2,456269
50109c8ba55e8ccd2bd6b29a8c6e2df2,455127
50109c8ba55e8ccd2bd6b29a8c6e2df2,455120
50109c8ba55e8ccd2bd6b29a8c6e2df2,455636
50109c8ba55e8ccd2bd6b29a8c6e2df2,455466
50109c8ba55e8ccd2bd6b29a8c6e2df2,456269
50109c8ba55e8ccd2bd6b29a8c6e2df2,455127
50109c8ba55e8ccd2bd6b29a8c6e2df2,455120
50109c8ba55e8ccd2bd6b29a8c6e2df2,455636
50109c8ba55e8ccd2bd6b29a8c6e2df2,455466
50109c8ba55e8ccd2bd6b29a8c6e2df2,456269
50109c8ba55e8ccd2bd6b29a8c6e2df2,455127
50109c8ba55e8ccd2bd6b29a8c6e2df2,455120
50109c8ba55e8ccd2bd6b29a8c6e2df2,455636
50109c8ba55e8ccd2bd6b29a8c6e2df2,455466
50109c8ba55e8ccd2bd6b29a8c6e2df2,456269
50109c8ba55e8ccd2bd6b29a8c6e2df2,455127
84018deeca2a1e24a4d8315c8813542e,456863
1d8f30b4892b354edc1054a700db9ada,505312
1d8f30b4892b354edc1054a700db9ada,455109
1d8f30b4892b354edc1054a700db9ada,505312
1d8f30b4892b354edc1054a700db9ada,455109
84018deeca2a1e24a4d8315c8813542e,2135738
84018deeca2a1e24a4d8315c8813542e,531933
e317a3c798d180744c408e9644366c06,565589
9225e504d577c56b68d6a2fab5829894,1546334
9225e504d577c56b68d6a2fab5829894,1546334
9225e504d577c56b68d6a2fab5829894,1546334
9225e504d577c56b68d6a2fab5829894,1546334
9225e504d577c56b68d6a2fab5829894,1546334
9225e504d577c56b68d6a2fab5829894,1546334
9225e504d577c56b68d6a2fab5829894,1546334
9225e504d577c56b68d6a2fab5829894,1546334
f9bc7507a3ee09ff8de2aa6ac058b01c,1546334
f9bc7507a3ee09ff8de2aa6ac058b01c,1546334
f9bc7507a3ee09ff8de2aa6ac058b01c,1546334
f9bc7507a3ee09ff8de2aa6ac058b01c,1546334
f9bc7507a3ee09ff8de2aa6ac058b01c,1546334
f9bc7507a3ee09ff8de2aa6ac058b01c,1546334
f9bc7507a3ee09ff8de2aa6ac058b01c,1546334
f9bc7507a3ee09ff8de2aa6ac058b01c,1546334
f9bc7507a3ee09ff8de2aa6ac058b01c,1546334
f9bc7507a3ee09ff8de2aa6ac058b01c,1546334
f9bc7507a3ee09ff8de2aa6ac058b01c,1546334
f9bc7507a3ee09ff8de2aa6ac058b01c,1546334
9225e504d577c56b68d6a2fab5829894,1494902
9225e504d577c56b68d6a2fab5829894,577297
cff57ee4b2883017b948cefd3c2375da,2080796
cff57ee4b2883017b948cefd3c2375da,2080796
02832a62d4a760f3e5421cc723a113f9,671145
b3b8175c80e4205a51821d2a8b213aa9,455162
b3b8175c80e4205a51821d2a8b213aa9,455636
963b7eeeabf255ba8287635554bd3bec,674886
963b7eeeabf255ba8287635554bd3bec,674886
963b7eeeabf255ba8287635554bd3bec,674886
963b7eeeabf255ba8287635554bd3bec,674886
963b7eeeabf255ba8287635554bd3bec,674886
963b7eeeabf255ba8287635554bd3bec,674886
963b7eeeabf255ba8287635554bd3bec,674886
963b7eeeabf255ba8287635554bd3bec,674886
963b7eeeabf255ba8287635554bd3bec,674886
963b7eeeabf255ba8287635554bd3bec,674886
963b7eeeabf255ba8287635554bd3bec,674886
02832a62d4a760f3e5421cc723a113f9,455144
02832a62d4a760f3e5421cc723a113f9,455109
02832a62d4a760f3e5421cc723a113f9,455144
02832a62d4a760f3e5421cc723a113f9,455109
02832a62d4a760f3e5421cc723a113f9,455144
02832a62d4a760f3e5421cc723a113f9,455109
02832a62d4a760f3e5421cc723a113f9,455144
02832a62d4a760f3e5421cc723a113f9,455109
02832a62d4a760f3e5421cc723a113f9,455144
02832a62d4a760f3e5421cc723a113f9,455109
02832a62d4a760f3e5421cc723a113f9,455144
02832a62d4a760f3e5421cc723a113f9,455109
02832a62d4a760f3e5421cc723a113f9,455144
02832a62d4a760f3e5421cc723a113f9,455109
e317a3c798d180744c408e9644366c06,1195570
e317a3c798d180744c408e9644366c06,615821
e317a3c798d180744c408e9644366c06,521424
b63b1f3d858af3040bdb2208e7e2d289,888127
b63b1f3d858af3040bdb2208e7e2d289,888127
b63b1f3d858af3040bdb2208e7e2d289,888127
b63b1f3d858af3040bdb2208e7e2d289,888127
b63b1f3d858af3040bdb2208e7e2d289,888127
b63b1f3d858af3040bdb2208e7e2d289,888127
12fe8b9bd9f1d081be05969d15e354c2,888127
12fe8b9bd9f1d081be05969d15e354c2,888127
12fe8b9bd9f1d081be05969d15e354c2,888127
12fe8b9bd9f1d081be05969d15e354c2,888127
12fe8b9bd9f1d081be05969d15e354c2,888127
12fe8b9bd9f1d081be05969d15e354c2,888127
12fe8b9bd9f1d081be05969d15e354c2,888127
12fe8b9bd9f1d081be05969d15e354c2,888127
22722c4162d2234fed9b8f2d31d97d93,888127
22722c4162d2234fed9b8f2d31d97d93,888127
22722c4162d2234fed9b8f2d31d97d93,888127
22722c4162d2234fed9b8f2d31d97d93,888127
22722c4162d2234fed9b8f2d31d97d93,888127
22722c4162d2234fed9b8f2d31d97d93,888127
b3b8175c80e4205a51821d2a8b213aa9,888127
b3b8175c80e4205a51821d2a8b213aa9,888127
b3b8175c80e4205a51821d2a8b213aa9,888127
b3b8175c80e4205a51821d2a8b213aa9,888127
b3b8175c80e4205a51821d2a8b213aa9,888127
b3b8175c80e4205a51821d2a8b213aa9,888127
b3b8175c80e4205a51821d2a8b213aa9,888127
b3b8175c80e4205a51821d2a8b213aa9,888127
b3b8175c80e4205a51821d2a8b213aa9,888127
b3b8175c80e4205a51821d2a8b213aa9,888127
b3b8175c80e4205a51821d2a8b213aa9,888127
b3b8175c80e4205a51821d2a8b213aa9,888127
b3b8175c80e4205a51821d2a8b213aa9,888127
4871eec5a08b875bd63cfa16d7fb5f8e,888127
4871eec5a08b875bd63cfa16d7fb5f8e,888127
4871eec5a08b875bd63cfa16d7fb5f8e,888127
4871eec5a08b875bd63cfa16d7fb5f8e,888127
4871eec5a08b875bd63cfa16d7fb5f8e,888127
4871eec5a08b875bd63cfa16d7fb5f8e,888127
4871eec5a08b875bd63cfa16d7fb5f8e,888127
3a227ffea3c320aa3d2358d98b20bca1,888127
3a227ffea3c320aa3d2358d98b20bca1,888127
3a227ffea3c320aa3d2358d98b20bca1,888127
3a227ffea3c320aa3d2358d98b20bca1,888127
3a227ffea3c320aa3d2358d98b20bca1,888127
3a227ffea3c320aa3d2358d98b20bca1,888127
3a227ffea3c320aa3d2358d98b20bca1,888127
3a227ffea3c320aa3d2358d98b20bca1,888127
3a227ffea3c320aa3d2358d98b20bca1,888127
3a227ffea3c320aa3d2358d98b20bca1,888127
e317a3c798d180744c408e9644366c06,888127
e317a3c798d180744c408e9644366c06,888127
e317a3c798d180744c408e9644366c06,888127
e317a3c798d180744c408e9644366c06,888127
e317a3c798d180744c408e9644366c06,888127
e317a3c798d180744c408e9644366c06,888127
e317a3c798d180744c408e9644366c06,888127
e317a3c798d180744c408e9644366c06,888127
e317a3c798d180744c408e9644366c06,888127
5d0d395ff1b2f3e8c6de4d46c2319d83,888127
5d0d395ff1b2f3e8c6de4d46c2319d83,888127
5d0d395ff1b2f3e8c6de4d46c2319d83,888127
5d0d395ff1b2f3e8c6de4d46c2319d83,888127
5d0d395ff1b2f3e8c6de4d46c2319d83,888127
5d0d395ff1b2f3e8c6de4d46c2319d83,888127
5d0d395ff1b2f3e8c6de4d46c2319d83,888127
5d0d395ff1b2f3e8c6de4d46c2319d83,888127
5d0d395ff1b2f3e8c6de4d46c2319d83,888127
b4f54657abf8448314bebdffd0dbfc4a,888127
b4f54657abf8448314bebdffd0dbfc4a,888127
b4f54657abf8448314bebdffd0dbfc4a,888127
b4f54657abf8448314bebdffd0dbfc4a,888127
b4f54657abf8448314bebdffd0dbfc4a,888127
b4f54657abf8448314bebdffd0dbfc4a,888127
b4f54657abf8448314bebdffd0dbfc4a,888127
b4f54657abf8448314bebdffd0dbfc4a,888127
b4f54657abf8448314bebdffd0dbfc4a,888127
b4f54657abf8448314bebdffd0dbfc4a,888127
b4f54657abf8448314bebdffd0dbfc4a,888127
2d73c821706c08bd6af94677effede75,888127
2d73c821706c08bd6af94677effede75,888127
2d73c821706c08bd6af94677effede75,888127
2d73c821706c08bd6af94677effede75,888127
2d73c821706c08bd6af94677effede75,888127
2d73c821706c08bd6af94677effede75,888127
2d73c821706c08bd6af94677effede75,888127
2d73c821706c08bd6af94677effede75,888127
2d73c821706c08bd6af94677effede75,888127
0eb85ea0d6f6b527a197217674138c61,888127
0eb85ea0d6f6b527a197217674138c61,888127
0eb85ea0d6f6b527a197217674138c61,888127
0eb85ea0d6f6b527a197217674138c61,888127
0eb85ea0d6f6b527a197217674138c61,888127
0eb85ea0d6f6b527a197217674138c61,888127
0eb85ea0d6f6b527a197217674138c61,888127
0eb85ea0d6f6b527a197217674138c61,888127
0eb85ea0d6f6b527a197217674138c61,888127
216b74c9a7827e793d9698e3581fd3f3,888127
216b74c9a7827e793d9698e3581fd3f3,888127
216b74c9a7827e793d9698e3581fd3f3,888127
216b74c9a7827e793d9698e3581fd3f3,888127
216b74c9a7827e793d9698e3581fd3f3,888127
216b74c9a7827e793d9698e3581fd3f3,888127
216b74c9a7827e793d9698e3581fd3f3,888127
216b74c9a7827e793d9698e3581fd3f3,888127
3addcfd8788dc42a3ffe9138eebba677,888127
3addcfd8788dc42a3ffe9138eebba677,888127
3addcfd8788dc42a3ffe9138eebba677,888127
3addcfd8788dc42a3ffe9138eebba677,888127
3addcfd8788dc42a3ffe9138eebba677,888127
3addcfd8788dc42a3ffe9138eebba677,888127
3addcfd8788dc42a3ffe9138eebba677,888127
b3e2a5789ab077132ad707e952b9967e,888127
b3e2a5789ab077132ad707e952b9967e,888127
b3e2a5789ab077132ad707e952b9967e,888127
b3e2a5789ab077132ad707e952b9967e,888127
b3e2a5789ab077132ad707e952b9967e,888127
b3e2a5789ab077132ad707e952b9967e,888127
b3e2a5789ab077132ad707e952b9967e,888127
e8cdf16e5fbe1545a201ad3266f3215f,888127
e8cdf16e5fbe1545a201ad3266f3215f,888127
e8cdf16e5fbe1545a201ad3266f3215f,888127
e8cdf16e5fbe1545a201ad3266f3215f,888127
e8cdf16e5fbe1545a201ad3266f3215f,888127
e8cdf16e5fbe1545a201ad3266f3215f,888127
e8cdf16e5fbe1545a201ad3266f3215f,888127
e8cdf16e5fbe1545a201ad3266f3215f,888127
e8cdf16e5fbe1545a201ad3266f3215f,888127
937682b10dc162b37dc1a3f22c5beaf0,888127
937682b10dc162b37dc1a3f22c5beaf0,888127
937682b10dc162b37dc1a3f22c5beaf0,888127
937682b10dc162b37dc1a3f22c5beaf0,888127
937682b10dc162b37dc1a3f22c5beaf0,888127
937682b10dc162b37dc1a3f22c5beaf0,888127
937682b10dc162b37dc1a3f22c5beaf0,888127
937682b10dc162b37dc1a3f22c5beaf0,888127
937682b10dc162b37dc1a3f22c5beaf0,888127
937682b10dc162b37dc1a3f22c5beaf0,888127
54bb57de85293842253b714ef8d25598,888127
54bb57de85293842253b714ef8d25598,888127
54bb57de85293842253b714ef8d25598,888127
54bb57de85293842253b714ef8d25598,888127
54bb57de85293842253b714ef8d25598,888127
54bb57de85293842253b714ef8d25598,888127
54bb57de85293842253b714ef8d25598,888127
54bb57de85293842253b714ef8d25598,888127
54bb57de85293842253b714ef8d25598,888127
54bb57de85293842253b714ef8d25598,888127
54bb57de85293842253b714ef8d25598,888127
54bb57de85293842253b714ef8d25598,888127
2433435dadc7826c1a85a035462a41a0,888127
2433435dadc7826c1a85a035462a41a0,888127
2433435dadc7826c1a85a035462a41a0,888127
2433435dadc7826c1a85a035462a41a0,888127
2433435dadc7826c1a85a035462a41a0,888127
2433435dadc7826c1a85a035462a41a0,888127
358c2c08d9be37117d661d2be8d1c8b2,888127
358c2c08d9be37117d661d2be8d1c8b2,888127
358c2c08d9be37117d661d2be8d1c8b2,888127
358c2c08d9be37117d661d2be8d1c8b2,888127
358c2c08d9be37117d661d2be8d1c8b2,888127
358c2c08d9be37117d661d2be8d1c8b2,888127
551555130a53800435b8ac3b3735c56b,888127
551555130a53800435b8ac3b3735c56b,888127
551555130a53800435b8ac3b3735c56b,888127
551555130a53800435b8ac3b3735c56b,888127
551555130a53800435b8ac3b3735c56b,888127
551555130a53800435b8ac3b3735c56b,888127
551555130a53800435b8ac3b3735c56b,888127
551555130a53800435b8ac3b3735c56b,888127
dec63d95eaef15b69a6e2c69d2d2e1ca,888127
dec63d95eaef15b69a6e2c69d2d2e1ca,888127
dec63d95eaef15b69a6e2c69d2d2e1ca,888127
dec63d95eaef15b69a6e2c69d2d2e1ca,888127
dec63d95eaef15b69a6e2c69d2d2e1ca,888127
dec63d95eaef15b69a6e2c69d2d2e1ca,888127
84018deeca2a1e24a4d8315c8813542e,888127
84018deeca2a1e24a4d8315c8813542e,888127
84018deeca2a1e24a4d8315c8813542e,888127
84018deeca2a1e24a4d8315c8813542e,888127
84018deeca2a1e24a4d8315c8813542e,888127
84018deeca2a1e24a4d8315c8813542e,888127
84018deeca2a1e24a4d8315c8813542e,888127
84018deeca2a1e24a4d8315c8813542e,888127
84018deeca2a1e24a4d8315c8813542e,888127
cff57ee4b2883017b948cefd3c2375da,888127
cff57ee4b2883017b948cefd3c2375da,888127
cff57ee4b2883017b948cefd3c2375da,888127
cff57ee4b2883017b948cefd3c2375da,888127
cff57ee4b2883017b948cefd3c2375da,888127
cff57ee4b2883017b948cefd3c2375da,888127
cff57ee4b2883017b948cefd3c2375da,888127
7414488c23202e8f7b30465bea663e53,5079587
443959729f2f5887d7b995ad25bdd119,5079587
c9fcb3699e5e9dd2aa4e29af7bb42069,5079587
b3b8175c80e4205a51821d2a8b213aa9,459320
b3b8175c80e4205a51821d2a8b213aa9,458926
b3b8175c80e4205a51821d2a8b213aa9,456323
cff57ee4b2883017b948cefd3c2375da,888127
4871eec5a08b875bd63cfa16d7fb5f8e,459583
4871eec5a08b875bd63cfa16d7fb5f8e,459583
4871eec5a08b875bd63cfa16d7fb5f8e,459583
4871eec5a08b875bd63cfa16d7fb5f8e,459583
4871eec5a08b875bd63cfa16d7fb5f8e,459583
4871eec5a08b875bd63cfa16d7fb5f8e,459583
4871eec5a08b875bd63cfa16d7fb5f8e,459583
e317a3c798d180744c408e9644366c06,459583
e317a3c798d180744c408e9644366c06,459583
e317a3c798d180744c408e9644366c06,459583
e317a3c798d180744c408e9644366c06,459583
e317a3c798d180744c408e9644366c06,459583
e317a3c798d180744c408e9644366c06,459583
e317a3c798d180744c408e9644366c06,459583
cff57ee4b2883017b948cefd3c2375da,459583
cff57ee4b2883017b948cefd3c2375da,459583
cff57ee4b2883017b948cefd3c2375da,459583
cff57ee4b2883017b948cefd3c2375da,459583
cff57ee4b2883017b948cefd3c2375da,459583
216b74c9a7827e793d9698e3581fd3f3,459583
216b74c9a7827e793d9698e3581fd3f3,459583
216b74c9a7827e793d9698e3581fd3f3,459583
216b74c9a7827e793d9698e3581fd3f3,459583
216b74c9a7827e793d9698e3581fd3f3,459583
216b74c9a7827e793d9698e3581fd3f3,459583
216b74c9a7827e793d9698e3581fd3f3,459583
4871eec5a08b875bd63cfa16d7fb5f8e,908626
551555130a53800435b8ac3b3735c56b,711885
551555130a53800435b8ac3b3735c56b,455130
551555130a53800435b8ac3b3735c56b,714725
551555130a53800435b8ac3b3735c56b,459320
963b7eeeabf255ba8287635554bd3bec,485956
963b7eeeabf255ba8287635554bd3bec,464932
0f9df181cdd70920357d5333a2f1a971,862454
0f9df181cdd70920357d5333a2f1a971,603812
82afa2e00264d83ac94f4a00a82ac1e9,456269
82afa2e00264d83ac94f4a00a82ac1e9,741999
82afa2e00264d83ac94f4a00a82ac1e9,455127
82afa2e00264d83ac94f4a00a82ac1e9,711371
82afa2e00264d83ac94f4a00a82ac1e9,456269
82afa2e00264d83ac94f4a00a82ac1e9,741999
82afa2e00264d83ac94f4a00a82ac1e9,455127
82afa2e00264d83ac94f4a00a82ac1e9,711371
82afa2e00264d83ac94f4a00a82ac1e9,456269
82afa2e00264d83ac94f4a00a82ac1e9,741999
82afa2e00264d83ac94f4a00a82ac1e9,455127
82afa2e00264d83ac94f4a00a82ac1e9,711371
963b7eeeabf255ba8287635554bd3bec,653204
963b7eeeabf255ba8287635554bd3bec,464932
b63b1f3d858af3040bdb2208e7e2d289,475346
82afa2e00264d83ac94f4a00a82ac1e9,772872
82afa2e00264d83ac94f4a00a82ac1e9,1805034
82afa2e00264d83ac94f4a00a82ac1e9,772872
82afa2e00264d83ac94f4a00a82ac1e9,1805034
82afa2e00264d83ac94f4a00a82ac1e9,772872
82afa2e00264d83ac94f4a00a82ac1e9,1805034
82afa2e00264d83ac94f4a00a82ac1e9,772872
82afa2e00264d83ac94f4a00a82ac1e9,1805034
7414488c23202e8f7b30465bea663e53,2173013
606363a131b2b8076c00bcd975301a97,459320
606363a131b2b8076c00bcd975301a97,467309
606363a131b2b8076c00bcd975301a97,459320
606363a131b2b8076c00bcd975301a97,467309
606363a131b2b8076c00bcd975301a97,459320
606363a131b2b8076c00bcd975301a97,467309
606363a131b2b8076c00bcd975301a97,459320
606363a131b2b8076c00bcd975301a97,467309
606363a131b2b8076c00bcd975301a97,459320
606363a131b2b8076c00bcd975301a97,467309
606363a131b2b8076c00bcd975301a97,459320
606363a131b2b8076c00bcd975301a97,467309
606363a131b2b8076c00bcd975301a97,459320
606363a131b2b8076c00bcd975301a97,467309
606363a131b2b8076c00bcd975301a97,459320
606363a131b2b8076c00bcd975301a97,467309
606363a131b2b8076c00bcd975301a97,459320
606363a131b2b8076c00bcd975301a97,467309
606363a131b2b8076c00bcd975301a97,459320
606363a131b2b8076c00bcd975301a97,467309
2903d76c2fee1b19f3041e54983a1082,711319
2903d76c2fee1b19f3041e54983a1082,568665
2903d76c2fee1b19f3041e54983a1082,711319
2903d76c2fee1b19f3041e54983a1082,568665
2903d76c2fee1b19f3041e54983a1082,711319
2903d76c2fee1b19f3041e54983a1082,568665
2903d76c2fee1b19f3041e54983a1082,711319
2903d76c2fee1b19f3041e54983a1082,568665
2903d76c2fee1b19f3041e54983a1082,711319
2903d76c2fee1b19f3041e54983a1082,568665
2903d76c2fee1b19f3041e54983a1082,711319
2903d76c2fee1b19f3041e54983a1082,568665
2903d76c2fee1b19f3041e54983a1082,711319
2903d76c2fee1b19f3041e54983a1082,568665
2903d76c2fee1b19f3041e54983a1082,711319
2903d76c2fee1b19f3041e54983a1082,568665
606363a131b2b8076c00bcd975301a97,456323
606363a131b2b8076c00bcd975301a97,459320
606363a131b2b8076c00bcd975301a97,456323
606363a131b2b8076c00bcd975301a97,459320
606363a131b2b8076c00bcd975301a97,456323
606363a131b2b8076c00bcd975301a97,459320
606363a131b2b8076c00bcd975301a97,456323
606363a131b2b8076c00bcd975301a97,459320
606363a131b2b8076c00bcd975301a97,456323
606363a131b2b8076c00bcd975301a97,459320
606363a131b2b8076c00bcd975301a97,456323
606363a131b2b8076c00bcd975301a97,459320
606363a131b2b8076c00bcd975301a97,456323
606363a131b2b8076c00bcd975301a97,459320
606363a131b2b8076c00bcd975301a97,456323
606363a131b2b8076c00bcd975301a97,459320
606363a131b2b8076c00bcd975301a97,456323
606363a131b2b8076c00bcd975301a97,459320
606363a131b2b8076c00bcd975301a97,456323
606363a131b2b8076c00bcd975301a97,459320
606363a131b2b8076c00bcd975301a97,456323
606363a131b2b8076c00bcd975301a97,459320
606363a131b2b8076c00bcd975301a97,456323
606363a131b2b8076c00bcd975301a97,459320
606363a131b2b8076c00bcd975301a97,456323
606363a131b2b8076c00bcd975301a97,459320
b3c5b6f43c373917fd96e6af4473aa4b,1970745
b3c5b6f43c373917fd96e6af4473aa4b,1970745
b3c5b6f43c373917fd96e6af4473aa4b,1970745
b3c5b6f43c373917fd96e6af4473aa4b,1970745
b3c5b6f43c373917fd96e6af4473aa4b,1970745
b3c5b6f43c373917fd96e6af4473aa4b,1970745
b3c5b6f43c373917fd96e6af4473aa4b,1970745
b3c5b6f43c373917fd96e6af4473aa4b,1970745
b3c5b6f43c373917fd96e6af4473aa4b,1970745
b3c5b6f43c373917fd96e6af4473aa4b,1970745
b3c5b6f43c373917fd96e6af4473aa4b,1970745
59860f990412ec998a4dbc660397b88c,1970745
59860f990412ec998a4dbc660397b88c,1970745
59860f990412ec998a4dbc660397b88c,1970745
59860f990412ec998a4dbc660397b88c,1970745
59860f990412ec998a4dbc660397b88c,1970745
59860f990412ec998a4dbc660397b88c,1970745
59860f990412ec998a4dbc660397b88c,1970745
59860f990412ec998a4dbc660397b88c,1970745
59860f990412ec998a4dbc660397b88c,1970745
59860f990412ec998a4dbc660397b88c,1970745
59860f990412ec998a4dbc660397b88c,1970745
59860f990412ec998a4dbc660397b88c,1970745
8eb19f33bf8a632e3c43c7d4bbe4ed82,1970745
8eb19f33bf8a632e3c43c7d4bbe4ed82,1970745
8eb19f33bf8a632e3c43c7d4bbe4ed82,1970745
8eb19f33bf8a632e3c43c7d4bbe4ed82,1970745
8eb19f33bf8a632e3c43c7d4bbe4ed82,1970745
8eb19f33bf8a632e3c43c7d4bbe4ed82,1970745
8eb19f33bf8a632e3c43c7d4bbe4ed82,1970745
8eb19f33bf8a632e3c43c7d4bbe4ed82,1970745
8eb19f33bf8a632e3c43c7d4bbe4ed82,1970745
8eb19f33bf8a632e3c43c7d4bbe4ed82,1970745
cff57ee4b2883017b948cefd3c2375da,888127
3f44a398895ce10cdb59b6bd74cca66a,455166
3f44a398895ce10cdb59b6bd74cca66a,505312
3f44a398895ce10cdb59b6bd74cca66a,455166
3f44a398895ce10cdb59b6bd74cca66a,505312
3f44a398895ce10cdb59b6bd74cca66a,455166
3f44a398895ce10cdb59b6bd74cca66a,505312
3f44a398895ce10cdb59b6bd74cca66a,455166
3f44a398895ce10cdb59b6bd74cca66a,505312
3f44a398895ce10cdb59b6bd74cca66a,455166
3f44a398895ce10cdb59b6bd74cca66a,505312
3f44a398895ce10cdb59b6bd74cca66a,455166
3f44a398895ce10cdb59b6bd74cca66a,505312
84018deeca2a1e24a4d8315c8813542e,888127
cff57ee4b2883017b948cefd3c2375da,888127
cff57ee4b2883017b948cefd3c2375da,2080796
cff57ee4b2883017b948cefd3c2375da,473119
cff57ee4b2883017b948cefd3c2375da,677228
cff57ee4b2883017b948cefd3c2375da,743983
1398a786c494292e91d364c8a08f5881,755078
1398a786c494292e91d364c8a08f5881,755078
1398a786c494292e91d364c8a08f5881,755078
1398a786c494292e91d364c8a08f5881,755078
1398a786c494292e91d364c8a08f5881,755078
1398a786c494292e91d364c8a08f5881,755078
1398a786c494292e91d364c8a08f5881,755078
1398a786c494292e91d364c8a08f5881,755078
1398a786c494292e91d364c8a08f5881,755078
1398a786c494292e91d364c8a08f5881,755078
1398a786c494292e91d364c8a08f5881,755078
1398a786c494292e91d364c8a08f5881,755078
1398a786c494292e91d364c8a08f5881,755078
1398a786c494292e91d364c8a08f5881,755078
1398a786c494292e91d364c8a08f5881,755078
1398a786c494292e91d364c8a08f5881,755078
82afa2e00264d83ac94f4a00a82ac1e9,459383
82afa2e00264d83ac94f4a00a82ac1e9,488847
82afa2e00264d83ac94f4a00a82ac1e9,459383
82afa2e00264d83ac94f4a00a82ac1e9,488847
82afa2e00264d83ac94f4a00a82ac1e9,459383
82afa2e00264d83ac94f4a00a82ac1e9,488847
b3b8175c80e4205a51821d2a8b213aa9,455917
b3b8175c80e4205a51821d2a8b213aa9,702592
b3b8175c80e4205a51821d2a8b213aa9,459320
b3b8175c80e4205a51821d2a8b213aa9,455917
b3b8175c80e4205a51821d2a8b213aa9,702592
b3b8175c80e4205a51821d2a8b213aa9,459320
b3b8175c80e4205a51821d2a8b213aa9,455917
b3b8175c80e4205a51821d2a8b213aa9,702592
b3b8175c80e4205a51821d2a8b213aa9,459320
9b6a04f4f98ab8e88c1b569beaafb53c,718103
9b6a04f4f98ab8e88c1b569beaafb53c,682288
9b6a04f4f98ab8e88c1b569beaafb53c,718103
9b6a04f4f98ab8e88c1b569beaafb53c,682288
9b6a04f4f98ab8e88c1b569beaafb53c,718103
9b6a04f4f98ab8e88c1b569beaafb53c,682288
9b6a04f4f98ab8e88c1b569beaafb53c,718103
9b6a04f4f98ab8e88c1b569beaafb53c,682288
9b6a04f4f98ab8e88c1b569beaafb53c,718103
9b6a04f4f98ab8e88c1b569beaafb53c,682288
84018deeca2a1e24a4d8315c8813542e,881158
84018deeca2a1e24a4d8315c8813542e,881158
606363a131b2b8076c00bcd975301a97,459383
606363a131b2b8076c00bcd975301a97,455130
606363a131b2b8076c00bcd975301a97,459383
606363a131b2b8076c00bcd975301a97,455130
0f9df181cdd70920357d5333a2f1a971,1274170
0f9df181cdd70920357d5333a2f1a971,1274170
0f9df181cdd70920357d5333a2f1a971,1274170
0f9df181cdd70920357d5333a2f1a971,1274170
0f9df181cdd70920357d5333a2f1a971,1274170
0f9df181cdd70920357d5333a2f1a971,1274170
0f9df181cdd70920357d5333a2f1a971,1274170
0f9df181cdd70920357d5333a2f1a971,1274170
0f9df181cdd70920357d5333a2f1a971,1274170
606363a131b2b8076c00bcd975301a97,459633
606363a131b2b8076c00bcd975301a97,458158
606363a131b2b8076c00bcd975301a97,459633
606363a131b2b8076c00bcd975301a97,458158
606363a131b2b8076c00bcd975301a97,459633
606363a131b2b8076c00bcd975301a97,458158
606363a131b2b8076c00bcd975301a97,459633
606363a131b2b8076c00bcd975301a97,458158
606363a131b2b8076c00bcd975301a97,459633
606363a131b2b8076c00bcd975301a97,458158
606363a131b2b8076c00bcd975301a97,459633
606363a131b2b8076c00bcd975301a97,458158
606363a131b2b8076c00bcd975301a97,459633
606363a131b2b8076c00bcd975301a97,458158
606363a131b2b8076c00bcd975301a97,459633
606363a131b2b8076c00bcd975301a97,458158
606363a131b2b8076c00bcd975301a97,459633
606363a131b2b8076c00bcd975301a97,458158
606363a131b2b8076c00bcd975301a97,459633
606363a131b2b8076c00bcd975301a97,458158
606363a131b2b8076c00bcd975301a97,459633
606363a131b2b8076c00bcd975301a97,458158
606363a131b2b8076c00bcd975301a97,459633
606363a131b2b8076c00bcd975301a97,458158
606363a131b2b8076c00bcd975301a97,459633
606363a131b2b8076c00bcd975301a97,458158
606363a131b2b8076c00bcd975301a97,459633
606363a131b2b8076c00bcd975301a97,458158
606363a131b2b8076c00bcd975301a97,459633
606363a131b2b8076c00bcd975301a97,458158
606363a131b2b8076c00bcd975301a97,459633
606363a131b2b8076c00bcd975301a97,458158
1d8f30b4892b354edc1054a700db9ada,455109
1d8f30b4892b354edc1054a700db9ada,455142
1d8f30b4892b354edc1054a700db9ada,455109
1d8f30b4892b354edc1054a700db9ada,455142
1d8f30b4892b354edc1054a700db9ada,455109
1d8f30b4892b354edc1054a700db9ada,455142
1d8f30b4892b354edc1054a700db9ada,455109
1d8f30b4892b354edc1054a700db9ada,455142
1d8f30b4892b354edc1054a700db9ada,455109
1d8f30b4892b354edc1054a700db9ada,455142
1d8f30b4892b354edc1054a700db9ada,455109
1d8f30b4892b354edc1054a700db9ada,455142
1d8f30b4892b354edc1054a700db9ada,455109
1d8f30b4892b354edc1054a700db9ada,455142
1d8f30b4892b354edc1054a700db9ada,455109
1d8f30b4892b354edc1054a700db9ada,455142
1d8f30b4892b354edc1054a700db9ada,455109
1d8f30b4892b354edc1054a700db9ada,455142
1d8f30b4892b354edc1054a700db9ada,455109
1d8f30b4892b354edc1054a700db9ada,455142
1d8f30b4892b354edc1054a700db9ada,455109
1d8f30b4892b354edc1054a700db9ada,455142
1d8f30b4892b354edc1054a700db9ada,455109
1d8f30b4892b354edc1054a700db9ada,455142
1d8f30b4892b354edc1054a700db9ada,455109
1d8f30b4892b354edc1054a700db9ada,455142
1d8f30b4892b354edc1054a700db9ada,455109
1d8f30b4892b354edc1054a700db9ada,455142
1d8f30b4892b354edc1054a700db9ada,455109
1d8f30b4892b354edc1054a700db9ada,455142
7414488c23202e8f7b30465bea663e53,689580
7414488c23202e8f7b30465bea663e53,689580
7414488c23202e8f7b30465bea663e53,689580
7414488c23202e8f7b30465bea663e53,689580
82afa2e00264d83ac94f4a00a82ac1e9,689580
6bb63583a06d6da7a0fdceb23a69891f,477709
6bb63583a06d6da7a0fdceb23a69891f,465069
1d8f30b4892b354edc1054a700db9ada,671145
1d8f30b4892b354edc1054a700db9ada,455109
1d8f30b4892b354edc1054a700db9ada,455144
1d8f30b4892b354edc1054a700db9ada,671145
1d8f30b4892b354edc1054a700db9ada,455109
1d8f30b4892b354edc1054a700db9ada,455144
1d8f30b4892b354edc1054a700db9ada,671145
1d8f30b4892b354edc1054a700db9ada,455109
1d8f30b4892b354edc1054a700db9ada,455144
1d8f30b4892b354edc1054a700db9ada,671145
1d8f30b4892b354edc1054a700db9ada,455109
1d8f30b4892b354edc1054a700db9ada,455144
1d8f30b4892b354edc1054a700db9ada,671145
1d8f30b4892b354edc1054a700db9ada,455109
1d8f30b4892b354edc1054a700db9ada,455144
1d8f30b4892b354edc1054a700db9ada,671145
1d8f30b4892b354edc1054a700db9ada,455109
1d8f30b4892b354edc1054a700db9ada,455144
1d8f30b4892b354edc1054a700db9ada,671145
1d8f30b4892b354edc1054a700db9ada,455109
1d8f30b4892b354edc1054a700db9ada,455144
1d8f30b4892b354edc1054a700db9ada,671145
1d8f30b4892b354edc1054a700db9ada,455109
1d8f30b4892b354edc1054a700db9ada,455144
1d8f30b4892b354edc1054a700db9ada,671145
1d8f30b4892b354edc1054a700db9ada,455109
1d8f30b4892b354edc1054a700db9ada,455144
1d8f30b4892b354edc1054a700db9ada,671145
1d8f30b4892b354edc1054a700db9ada,455109
1d8f30b4892b354edc1054a700db9ada,455144
1d8f30b4892b354edc1054a700db9ada,671145
1d8f30b4892b354edc1054a700db9ada,455109
1d8f30b4892b354edc1054a700db9ada,455144
1d8f30b4892b354edc1054a700db9ada,671145
1d8f30b4892b354edc1054a700db9ada,455109
1d8f30b4892b354edc1054a700db9ada,455144
1d8f30b4892b354edc1054a700db9ada,671145
1d8f30b4892b354edc1054a700db9ada,455109
1d8f30b4892b354edc1054a700db9ada,455144
1d8f30b4892b354edc1054a700db9ada,671145
1d8f30b4892b354edc1054a700db9ada,455109
1d8f30b4892b354edc1054a700db9ada,455144
9225e504d577c56b68d6a2fab5829894,717606
e317a3c798d180744c408e9644366c06,717606
c9fcb3699e5e9dd2aa4e29af7bb42069,5079589
50109c8ba55e8ccd2bd6b29a8c6e2df2,null
50109c8ba55e8ccd2bd6b29a8c6e2df2,null
50109c8ba55e8ccd2bd6b29a8c6e2df2,null
50109c8ba55e8ccd2bd6b29a8c6e2df2,null
50109c8ba55e8ccd2bd6b29a8c6e2df2,null
50109c8ba55e8ccd2bd6b29a8c6e2df2,null
606363a131b2b8076c00bcd975301a97,459320
606363a131b2b8076c00bcd975301a97,459320
606363a131b2b8076c00bcd975301a97,459320
606363a131b2b8076c00bcd975301a97,459320
606363a131b2b8076c00bcd975301a97,459320
606363a131b2b8076c00bcd975301a97,459320
606363a131b2b8076c00bcd975301a97,459320
606363a131b2b8076c00bcd975301a97,459320
606363a131b2b8076c00bcd975301a97,459320
606363a131b2b8076c00bcd975301a97,459320
606363a131b2b8076c00bcd975301a97,459320
606363a131b2b8076c00bcd975301a97,459320
9225e504d577c56b68d6a2fab5829894,1944220
9225e504d577c56b68d6a2fab5829894,1944220
82afa2e00264d83ac94f4a00a82ac1e9,455170
82afa2e00264d83ac94f4a00a82ac1e9,456160
82afa2e00264d83ac94f4a00a82ac1e9,455170
82afa2e00264d83ac94f4a00a82ac1e9,456160
4871eec5a08b875bd63cfa16d7fb5f8e,672118
4871eec5a08b875bd63cfa16d7fb5f8e,464416
0f9df181cdd70920357d5333a2f1a971,677739
6bb63583a06d6da7a0fdceb23a69891f,465069
551555130a53800435b8ac3b3735c56b,1921093
84018deeca2a1e24a4d8315c8813542e,455669
84018deeca2a1e24a4d8315c8813542e,456499
82afa2e00264d83ac94f4a00a82ac1e9,455669
82afa2e00264d83ac94f4a00a82ac1e9,456499
82afa2e00264d83ac94f4a00a82ac1e9,455669
82afa2e00264d83ac94f4a00a82ac1e9,456499
82afa2e00264d83ac94f4a00a82ac1e9,455669
82afa2e00264d83ac94f4a00a82ac1e9,456499
82afa2e00264d83ac94f4a00a82ac1e9,455669
82afa2e00264d83ac94f4a00a82ac1e9,456499
dec63d95eaef15b69a6e2c69d2d2e1ca,599595
dec63d95eaef15b69a6e2c69d2d2e1ca,455109
0eb85ea0d6f6b527a197217674138c61,788130
1398a786c494292e91d364c8a08f5881,464932
1398a786c494292e91d364c8a08f5881,3623109
1398a786c494292e91d364c8a08f5881,683853
84018deeca2a1e24a4d8315c8813542e,468245
84018deeca2a1e24a4d8315c8813542e,455280
551555130a53800435b8ac3b3735c56b,456323
551555130a53800435b8ac3b3735c56b,459320
3f44a398895ce10cdb59b6bd74cca66a,671145
3f44a398895ce10cdb59b6bd74cca66a,455166
3f44a398895ce10cdb59b6bd74cca66a,505312
3f44a398895ce10cdb59b6bd74cca66a,671145
3f44a398895ce10cdb59b6bd74cca66a,455166
3f44a398895ce10cdb59b6bd74cca66a,505312
3f44a398895ce10cdb59b6bd74cca66a,671145
3f44a398895ce10cdb59b6bd74cca66a,455166
3f44a398895ce10cdb59b6bd74cca66a,505312
3f44a398895ce10cdb59b6bd74cca66a,671145
3f44a398895ce10cdb59b6bd74cca66a,455166
3f44a398895ce10cdb59b6bd74cca66a,505312
3f44a398895ce10cdb59b6bd74cca66a,671145
3f44a398895ce10cdb59b6bd74cca66a,455166
3f44a398895ce10cdb59b6bd74cca66a,505312
84018deeca2a1e24a4d8315c8813542e,459880
84018deeca2a1e24a4d8315c8813542e,457146
963b7eeeabf255ba8287635554bd3bec,459320
963b7eeeabf255ba8287635554bd3bec,464932
0eb85ea0d6f6b527a197217674138c61,653207
0eb85ea0d6f6b527a197217674138c61,710556
6bb63583a06d6da7a0fdceb23a69891f,459880
6bb63583a06d6da7a0fdceb23a69891f,461071
6bb63583a06d6da7a0fdceb23a69891f,459576
c66f5832270e7c5ddd7c4822df3c3e08,663191
c66f5832270e7c5ddd7c4822df3c3e08,663191
c66f5832270e7c5ddd7c4822df3c3e08,663191
c66f5832270e7c5ddd7c4822df3c3e08,663191
c66f5832270e7c5ddd7c4822df3c3e08,663191
c66f5832270e7c5ddd7c4822df3c3e08,663191
c66f5832270e7c5ddd7c4822df3c3e08,663191
c66f5832270e7c5ddd7c4822df3c3e08,663191
c66f5832270e7c5ddd7c4822df3c3e08,663191
c66f5832270e7c5ddd7c4822df3c3e08,663191
c66f5832270e7c5ddd7c4822df3c3e08,663191
c66f5832270e7c5ddd7c4822df3c3e08,663191
c66f5832270e7c5ddd7c4822df3c3e08,663191
b63b1f3d858af3040bdb2208e7e2d289,475346
0f9df181cdd70920357d5333a2f1a971,612060
0f9df181cdd70920357d5333a2f1a971,859314
1d8f30b4892b354edc1054a700db9ada,455109
1d8f30b4892b354edc1054a700db9ada,455144
1d8f30b4892b354edc1054a700db9ada,455109
1d8f30b4892b354edc1054a700db9ada,455144
1d8f30b4892b354edc1054a700db9ada,455109
1d8f30b4892b354edc1054a700db9ada,455144
1d8f30b4892b354edc1054a700db9ada,455109
1d8f30b4892b354edc1054a700db9ada,455144
1d8f30b4892b354edc1054a700db9ada,455109
1d8f30b4892b354edc1054a700db9ada,455144
1d8f30b4892b354edc1054a700db9ada,455109
1d8f30b4892b354edc1054a700db9ada,455144
1d8f30b4892b354edc1054a700db9ada,455109
1d8f30b4892b354edc1054a700db9ada,455144
1d8f30b4892b354edc1054a700db9ada,455109
1d8f30b4892b354edc1054a700db9ada,455144
1d8f30b4892b354edc1054a700db9ada,455109
1d8f30b4892b354edc1054a700db9ada,455144
1d8f30b4892b354edc1054a700db9ada,455109
1d8f30b4892b354edc1054a700db9ada,455144
1d8f30b4892b354edc1054a700db9ada,455109
1d8f30b4892b354edc1054a700db9ada,455144
7414488c23202e8f7b30465bea663e53,455179
7414488c23202e8f7b30465bea663e53,1984879
7414488c23202e8f7b30465bea663e53,455179
7414488c23202e8f7b30465bea663e53,1984879
dec63d95eaef15b69a6e2c69d2d2e1ca,455166
dec63d95eaef15b69a6e2c69d2d2e1ca,599595
e317a3c798d180744c408e9644366c06,455280
e317a3c798d180744c408e9644366c06,455782
e317a3c798d180744c408e9644366c06,456286
e317a3c798d180744c408e9644366c06,465404
e317a3c798d180744c408e9644366c06,469018
e317a3c798d180744c408e9644366c06,456998
e317a3c798d180744c408e9644366c06,461361
e317a3c798d180744c408e9644366c06,455280
e317a3c798d180744c408e9644366c06,455782
e317a3c798d180744c408e9644366c06,456286
e317a3c798d180744c408e9644366c06,465404
e317a3c798d180744c408e9644366c06,469018
e317a3c798d180744c408e9644366c06,456998
e317a3c798d180744c408e9644366c06,461361
cff57ee4b2883017b948cefd3c2375da,888127
02832a62d4a760f3e5421cc723a113f9,887312
02832a62d4a760f3e5421cc723a113f9,455584
02832a62d4a760f3e5421cc723a113f9,455144
02832a62d4a760f3e5421cc723a113f9,455109
02832a62d4a760f3e5421cc723a113f9,456075
3f44a398895ce10cdb59b6bd74cca66a,464932
3f44a398895ce10cdb59b6bd74cca66a,2135738
3f44a398895ce10cdb59b6bd74cca66a,458918
3f44a398895ce10cdb59b6bd74cca66a,505312
3f44a398895ce10cdb59b6bd74cca66a,464932
3f44a398895ce10cdb59b6bd74cca66a,2135738
3f44a398895ce10cdb59b6bd74cca66a,458918
3f44a398895ce10cdb59b6bd74cca66a,505312
3f44a398895ce10cdb59b6bd74cca66a,464932
3f44a398895ce10cdb59b6bd74cca66a,2135738
3f44a398895ce10cdb59b6bd74cca66a,458918
3f44a398895ce10cdb59b6bd74cca66a,505312
3f44a398895ce10cdb59b6bd74cca66a,464932
3f44a398895ce10cdb59b6bd74cca66a,2135738
3f44a398895ce10cdb59b6bd74cca66a,458918
3f44a398895ce10cdb59b6bd74cca66a,505312
3f44a398895ce10cdb59b6bd74cca66a,464932
3f44a398895ce10cdb59b6bd74cca66a,2135738
3f44a398895ce10cdb59b6bd74cca66a,458918
3f44a398895ce10cdb59b6bd74cca66a,505312
3f44a398895ce10cdb59b6bd74cca66a,464932
3f44a398895ce10cdb59b6bd74cca66a,2135738
3f44a398895ce10cdb59b6bd74cca66a,458918
3f44a398895ce10cdb59b6bd74cca66a,505312
12fe8b9bd9f1d081be05969d15e354c2,888127
0f9df181cdd70920357d5333a2f1a971,1342580
84018deeca2a1e24a4d8315c8813542e,459880
84018deeca2a1e24a4d8315c8813542e,459883
6bb63583a06d6da7a0fdceb23a69891f,456323
6bb63583a06d6da7a0fdceb23a69891f,455129
6bb63583a06d6da7a0fdceb23a69891f,455694
e8cdf16e5fbe1545a201ad3266f3215f,531639
e8cdf16e5fbe1545a201ad3266f3215f,679829
e8cdf16e5fbe1545a201ad3266f3215f,888127
e8cdf16e5fbe1545a201ad3266f3215f,455132
606363a131b2b8076c00bcd975301a97,456323
606363a131b2b8076c00bcd975301a97,459320
606363a131b2b8076c00bcd975301a97,455491
606363a131b2b8076c00bcd975301a97,456323
606363a131b2b8076c00bcd975301a97,459320
606363a131b2b8076c00bcd975301a97,455491
606363a131b2b8076c00bcd975301a97,456323
606363a131b2b8076c00bcd975301a97,459320
606363a131b2b8076c00bcd975301a97,455491
606363a131b2b8076c00bcd975301a97,459586
606363a131b2b8076c00bcd975301a97,456052
606363a131b2b8076c00bcd975301a97,459586
606363a131b2b8076c00bcd975301a97,456052
606363a131b2b8076c00bcd975301a97,459586
606363a131b2b8076c00bcd975301a97,456052
606363a131b2b8076c00bcd975301a97,459586
606363a131b2b8076c00bcd975301a97,456052
54bb57de85293842253b714ef8d25598,456863
54bb57de85293842253b714ef8d25598,456863
54bb57de85293842253b714ef8d25598,456863
54bb57de85293842253b714ef8d25598,456863
54bb57de85293842253b714ef8d25598,456863
9b6a04f4f98ab8e88c1b569beaafb53c,689580
9b6a04f4f98ab8e88c1b569beaafb53c,697946
9b6a04f4f98ab8e88c1b569beaafb53c,689580
9b6a04f4f98ab8e88c1b569beaafb53c,697946
9b6a04f4f98ab8e88c1b569beaafb53c,689580
9b6a04f4f98ab8e88c1b569beaafb53c,697946
9b6a04f4f98ab8e88c1b569beaafb53c,689580
9b6a04f4f98ab8e88c1b569beaafb53c,697946
9b6a04f4f98ab8e88c1b569beaafb53c,689580
9b6a04f4f98ab8e88c1b569beaafb53c,697946
9b6a04f4f98ab8e88c1b569beaafb53c,689580
9b6a04f4f98ab8e88c1b569beaafb53c,697946
9b6a04f4f98ab8e88c1b569beaafb53c,689580
9b6a04f4f98ab8e88c1b569beaafb53c,697946
c9fcb3699e5e9dd2aa4e29af7bb42069,455240
c9fcb3699e5e9dd2aa4e29af7bb42069,455240
c9fcb3699e5e9dd2aa4e29af7bb42069,455240
c9fcb3699e5e9dd2aa4e29af7bb42069,455240
c9fcb3699e5e9dd2aa4e29af7bb42069,455240
c9fcb3699e5e9dd2aa4e29af7bb42069,455240
c9fcb3699e5e9dd2aa4e29af7bb42069,455240
c9fcb3699e5e9dd2aa4e29af7bb42069,455240
82afa2e00264d83ac94f4a00a82ac1e9,456269
82afa2e00264d83ac94f4a00a82ac1e9,586086
82afa2e00264d83ac94f4a00a82ac1e9,456269
82afa2e00264d83ac94f4a00a82ac1e9,586086
82afa2e00264d83ac94f4a00a82ac1e9,456269
82afa2e00264d83ac94f4a00a82ac1e9,586086
82afa2e00264d83ac94f4a00a82ac1e9,456269
82afa2e00264d83ac94f4a00a82ac1e9,586086
8170aa67b3c0370299ea267b4dad6983,459383
8170aa67b3c0370299ea267b4dad6983,488847
8170aa67b3c0370299ea267b4dad6983,712878
8170aa67b3c0370299ea267b4dad6983,712878
8170aa67b3c0370299ea267b4dad6983,712878
8170aa67b3c0370299ea267b4dad6983,712878
8170aa67b3c0370299ea267b4dad6983,712878
8170aa67b3c0370299ea267b4dad6983,712878
bb6f640a61bd950b1725e32d01cabed6,475466
bb6f640a61bd950b1725e32d01cabed6,472306
bb6f640a61bd950b1725e32d01cabed6,475466
bb6f640a61bd950b1725e32d01cabed6,472306
bb6f640a61bd950b1725e32d01cabed6,475466
bb6f640a61bd950b1725e32d01cabed6,472306
bb6f640a61bd950b1725e32d01cabed6,475466
bb6f640a61bd950b1725e32d01cabed6,472306
bb6f640a61bd950b1725e32d01cabed6,475466
bb6f640a61bd950b1725e32d01cabed6,472306
bb6f640a61bd950b1725e32d01cabed6,475466
bb6f640a61bd950b1725e32d01cabed6,472306
bb6f640a61bd950b1725e32d01cabed6,475466
bb6f640a61bd950b1725e32d01cabed6,472306
bb6f640a61bd950b1725e32d01cabed6,475466
bb6f640a61bd950b1725e32d01cabed6,472306
bb6f640a61bd950b1725e32d01cabed6,475466
bb6f640a61bd950b1725e32d01cabed6,472306
bb6f640a61bd950b1725e32d01cabed6,475466
bb6f640a61bd950b1725e32d01cabed6,472306
bb6f640a61bd950b1725e32d01cabed6,475466
bb6f640a61bd950b1725e32d01cabed6,472306
bb6f640a61bd950b1725e32d01cabed6,475466
bb6f640a61bd950b1725e32d01cabed6,472306
bb6f640a61bd950b1725e32d01cabed6,475466
bb6f640a61bd950b1725e32d01cabed6,472306
bb6f640a61bd950b1725e32d01cabed6,475466
bb6f640a61bd950b1725e32d01cabed6,472306
e45e363cb28ce63260a15db0cea6c3d8,475466
e45e363cb28ce63260a15db0cea6c3d8,472306
e45e363cb28ce63260a15db0cea6c3d8,475466
e45e363cb28ce63260a15db0cea6c3d8,472306
e45e363cb28ce63260a15db0cea6c3d8,475466
e45e363cb28ce63260a15db0cea6c3d8,472306
e45e363cb28ce63260a15db0cea6c3d8,475466
e45e363cb28ce63260a15db0cea6c3d8,472306
e45e363cb28ce63260a15db0cea6c3d8,475466
e45e363cb28ce63260a15db0cea6c3d8,472306
e45e363cb28ce63260a15db0cea6c3d8,475466
e45e363cb28ce63260a15db0cea6c3d8,472306
e45e363cb28ce63260a15db0cea6c3d8,475466
e45e363cb28ce63260a15db0cea6c3d8,472306
e45e363cb28ce63260a15db0cea6c3d8,475466
e45e363cb28ce63260a15db0cea6c3d8,472306
e45e363cb28ce63260a15db0cea6c3d8,475466
e45e363cb28ce63260a15db0cea6c3d8,472306
e45e363cb28ce63260a15db0cea6c3d8,475466
e45e363cb28ce63260a15db0cea6c3d8,472306
e45e363cb28ce63260a15db0cea6c3d8,475466
e45e363cb28ce63260a15db0cea6c3d8,472306
e45e363cb28ce63260a15db0cea6c3d8,475466
e45e363cb28ce63260a15db0cea6c3d8,472306
e45e363cb28ce63260a15db0cea6c3d8,475466
e45e363cb28ce63260a15db0cea6c3d8,472306
e45e363cb28ce63260a15db0cea6c3d8,475466
e45e363cb28ce63260a15db0cea6c3d8,472306
e45e363cb28ce63260a15db0cea6c3d8,475466
e45e363cb28ce63260a15db0cea6c3d8,472306
e45e363cb28ce63260a15db0cea6c3d8,475466
e45e363cb28ce63260a15db0cea6c3d8,472306
e45e363cb28ce63260a15db0cea6c3d8,475466
e45e363cb28ce63260a15db0cea6c3d8,472306
e45e363cb28ce63260a15db0cea6c3d8,475466
e45e363cb28ce63260a15db0cea6c3d8,472306
e45e363cb28ce63260a15db0cea6c3d8,475466
e45e363cb28ce63260a15db0cea6c3d8,472306
e45e363cb28ce63260a15db0cea6c3d8,475466
e45e363cb28ce63260a15db0cea6c3d8,472306
e45e363cb28ce63260a15db0cea6c3d8,475466
e45e363cb28ce63260a15db0cea6c3d8,472306
3ba81908fbd877246a09cf04ee1a3e23,1335467
3ba81908fbd877246a09cf04ee1a3e23,1335467
3ba81908fbd877246a09cf04ee1a3e23,1335467
3ba81908fbd877246a09cf04ee1a3e23,1335467
3ba81908fbd877246a09cf04ee1a3e23,1335467
3ba81908fbd877246a09cf04ee1a3e23,1335467
3ba81908fbd877246a09cf04ee1a3e23,1335467
3ba81908fbd877246a09cf04ee1a3e23,1335467
3ba81908fbd877246a09cf04ee1a3e23,1335467
3ba81908fbd877246a09cf04ee1a3e23,1335467
3ba81908fbd877246a09cf04ee1a3e23,1335467
3ba81908fbd877246a09cf04ee1a3e23,1335467
8ebd6ed3fba1ccb3294384b295c14ae5,1335467
8ebd6ed3fba1ccb3294384b295c14ae5,1335467
8ebd6ed3fba1ccb3294384b295c14ae5,1335467
8ebd6ed3fba1ccb3294384b295c14ae5,1335467
8ebd6ed3fba1ccb3294384b295c14ae5,1335467
8ebd6ed3fba1ccb3294384b295c14ae5,1335467
8ebd6ed3fba1ccb3294384b295c14ae5,1335467
8ebd6ed3fba1ccb3294384b295c14ae5,1335467
8ebd6ed3fba1ccb3294384b295c14ae5,1335467
8ebd6ed3fba1ccb3294384b295c14ae5,1335467
8ebd6ed3fba1ccb3294384b295c14ae5,1335467
8ebd6ed3fba1ccb3294384b295c14ae5,1335467
8ebd6ed3fba1ccb3294384b295c14ae5,1335467
8ebd6ed3fba1ccb3294384b295c14ae5,1335467
8ebd6ed3fba1ccb3294384b295c14ae5,1335467
8ebd6ed3fba1ccb3294384b295c14ae5,1335467
8ebd6ed3fba1ccb3294384b295c14ae5,1335467
8ebd6ed3fba1ccb3294384b295c14ae5,1335467
8170aa67b3c0370299ea267b4dad6983,653207
8170aa67b3c0370299ea267b4dad6983,710556
bb6f640a61bd950b1725e32d01cabed6,475466
bb6f640a61bd950b1725e32d01cabed6,455130
bb6f640a61bd950b1725e32d01cabed6,475466
bb6f640a61bd950b1725e32d01cabed6,455130
bb6f640a61bd950b1725e32d01cabed6,475466
bb6f640a61bd950b1725e32d01cabed6,455130
8170aa67b3c0370299ea267b4dad6983,704354
8170aa67b3c0370299ea267b4dad6983,704354
8170aa67b3c0370299ea267b4dad6983,704354
8170aa67b3c0370299ea267b4dad6983,704354
8170aa67b3c0370299ea267b4dad6983,704354
8170aa67b3c0370299ea267b4dad6983,704354
8170aa67b3c0370299ea267b4dad6983,704354
8170aa67b3c0370299ea267b4dad6983,704354
8170aa67b3c0370299ea267b4dad6983,704354
8170aa67b3c0370299ea267b4dad6983,704354
8170aa67b3c0370299ea267b4dad6983,704354
8170aa67b3c0370299ea267b4dad6983,704354
8170aa67b3c0370299ea267b4dad6983,704354
8170aa67b3c0370299ea267b4dad6983,704354
8170aa67b3c0370299ea267b4dad6983,704354
8170aa67b3c0370299ea267b4dad6983,704354
8170aa67b3c0370299ea267b4dad6983,704354
8170aa67b3c0370299ea267b4dad6983,704354
8170aa67b3c0370299ea267b4dad6983,704354
8170aa67b3c0370299ea267b4dad6983,704354
8170aa67b3c0370299ea267b4dad6983,704354
8170aa67b3c0370299ea267b4dad6983,704354
8170aa67b3c0370299ea267b4dad6983,704354
8170aa67b3c0370299ea267b4dad6983,456863
,
